timestamp,date,Weth supply rate,USDC borrow rate,(USDC borrow rate / 3) - Weth supply rate
1708440887000,2024-02-20T14:54:47.000Z,1.4107065259649345,12.467878760442169,2.7452530608491217
1708479865000,2024-02-21T01:44:25.000Z,1.3840016100266066,5.980934845700679,0.6096433385402864
1708518722000,2024-02-21T12:32:02.000Z,1.433367819219183,11.451137859640864,2.3836781339944384
1708557504000,2024-02-21T23:18:24.000Z,1.4067406735772892,21.804099469448623,5.8612924829055855
1708596495000,2024-02-22T10:08:15.000Z,1.4365873095341082,11.973544314350251,2.554594128582642
1708635499000,2024-02-22T20:58:19.000Z,1.495925542832845,9.36020748473265,1.624143618744705
1708674347000,2024-02-23T07:45:47.000Z,1.4698477602959965,5.938059492174535,0.5095054037621818
1708712954000,2024-02-23T18:29:14.000Z,1.4538955800392763,7.555098095758543,1.0644704518802381
1708751877000,2024-02-24T05:17:57.000Z,1.5257358742299114,7.458646437682141,0.9604796049974691
1708790732000,2024-02-24T16:05:32.000Z,1.546396094672856,11.985895614099254,2.448902443360229
1708829721000,2024-02-25T02:55:21.000Z,1.5231200819873782,18.689543688366182,4.706727814134682
1708868531000,2024-02-25T13:42:11.000Z,1.4820854793465972,14.572429282203736,3.375390948054648
1708907325000,2024-02-26T00:28:45.000Z,1.445726046903104,25.581629377949945,7.081483745746878
1708946543000,2024-02-26T11:22:23.000Z,1.6588476640761995,14.277792747137129,3.10041658496951
1708985055000,2024-02-26T22:04:15.000Z,1.6098158186763212,19.38889068060317,4.853147741524735
1709023980000,2024-02-27T08:53:00.000Z,1.5827706809907487,10.844364929690489,2.0320176289060807
1709062895000,2024-02-27T19:41:35.000Z,1.5432837544071578,15.402844729809296,3.5909978221959404
1709101773000,2024-02-28T06:29:33.000Z,1.5553926116498928,16.80090631316955,4.044909492739957
1709140539000,2024-02-28T17:15:39.000Z,1.557935805153777,20.35877012027404,5.228320901604237
1709179476000,2024-02-29T04:04:36.000Z,1.642253783934796,9.861114607531452,1.644784418575688
1709218345000,2024-02-29T14:52:25.000Z,1.5791274567696023,19.891136869684843,5.051251499792012
1709257330000,2024-03-01T01:42:10.000Z,1.6378124846304754,10.136441036482893,1.7410011941971557
1709296087000,2024-03-01T12:28:07.000Z,1.6120924046115204,18.60083655263588,4.588186446267105
1709335021000,2024-03-01T23:17:01.000Z,1.6487666019544682,16.182219516455994,3.74530657019753
1709374002000,2024-03-02T10:06:42.000Z,1.659732817787023,14.855332395829976,3.292044647489636
1709412771000,2024-03-02T20:52:51.000Z,1.6316828759598738,17.029090881347333,4.044680751155903
1709451557000,2024-03-03T07:39:17.000Z,1.6523089675568223,21.245271925379555,5.429448340903029
1709490389000,2024-03-03T18:26:29.000Z,1.6619745091334357,19.505338512496994,4.839804995032229
1709529471000,2024-03-04T05:17:51.000Z,1.6276492452338358,20.590455925103328,5.23583606313394
1709568285000,2024-03-04T16:04:45.000Z,1.5972572584853384,34.41812254714996,9.875450257231316
1709607200000,2024-03-05T02:53:20.000Z,1.6111420759631625,30.543190290158694,8.569921354089736
1709645963000,2024-03-05T13:39:23.000Z,1.4800036435446435,29.14370716396638,8.234565411110816
1709684730000,2024-03-06T00:25:30.000Z,1.5382986730672443,28.832567368506425,8.072557116434897
1709723691000,2024-03-06T11:14:51.000Z,1.5729706834374986,18.97113006156504,4.750739337084182
1709762507000,2024-03-06T22:01:47.000Z,1.571530579406435,14.91991831265151,3.401775524810735
1709801558000,2024-03-07T08:52:38.000Z,1.5370168694076105,26.57594004887726,7.321629813551477
1709840236000,2024-03-07T19:37:16.000Z,1.481497015743126,23.776074801565823,6.443861251445481
1709879124000,2024-03-08T06:25:24.000Z,1.539989291015908,13.251569037062222,2.8772003880048325
1709918182000,2024-03-08T17:16:22.000Z,1.4774078032205282,20.97518463122624,5.514320407188219
1709956830000,2024-03-09T04:00:30.000Z,1.4194995774614267,17.25700442365099,4.332835230422237
1709995810000,2024-03-09T14:50:10.000Z,1.5268895698163267,17.58858585079499,4.33597238044867
1710035276000,2024-03-10T01:47:56.000Z,1.4836144861009148,25.1648938466867,6.904683462794651
1710073581000,2024-03-10T12:26:21.000Z,1.5285635961388555,17.846684717248305,4.420331309610579
1710112419000,2024-03-10T23:13:39.000Z,1.5798697309636474,8.59325330585944,1.2845480376561658
1710151194000,2024-03-11T09:59:54.000Z,1.534874231218225,43.13013377922165,12.841837028522326
1710190084000,2024-03-11T20:48:04.000Z,1.5072270982602007,30.85496483396001,8.77776117972647
1710228984000,2024-03-12T07:36:24.000Z,1.5723685656351742,20.52463270498101,5.2691756693584955
1710267835000,2024-03-12T18:23:55.000Z,1.6114801731459194,21.06099210598236,5.408850528848201
1710306678000,2024-03-13T05:11:18.000Z,1.5050782025303704,15.324203542720246,3.6029896450430448
1710345605000,2024-03-13T16:00:05.000Z,1.5695234959273952,17.24872919723324,4.180052903150351
1710384418000,2024-03-14T02:46:58.000Z,1.583516527437851,15.578272292455662,3.6092409033807025
1710423339000,2024-03-14T13:35:39.000Z,1.5967738131323066,16.51702239062866,3.9089003170772467
1710462159000,2024-03-15T00:22:39.000Z,1.6573153596870918,23.50479005052281,6.177614657153844
1710501031000,2024-03-15T11:10:31.000Z,1.69100245032906,19.25593900591323,4.72764388497535
1710539892000,2024-03-15T21:58:12.000Z,1.8020698292394055,12.82664685349289,2.4734791219248917
1710578842000,2024-03-16T08:47:22.000Z,1.8285927736000056,15.341482724855712,3.2852348013518986
1710617703000,2024-03-16T19:35:03.000Z,1.7763130729424523,16.39806289084929,3.6897078906739775
1710656534000,2024-03-17T06:22:14.000Z,1.7718581350295908,19.68943351906766,4.791286371326295
1710695454000,2024-03-17T17:10:54.000Z,1.7619005209646084,19.428969670242186,4.714422702449454
1710734536000,2024-03-18T04:02:16.000Z,1.7415366497452094,12.861889809893658,2.5457599535526763
1710773121000,2024-03-18T14:45:21.000Z,1.673651521074298,16.348915722046986,3.775987052941364
1710811994000,2024-03-19T01:33:14.000Z,1.71710623289136,9.312649254781336,1.3871101853690855
1710850867000,2024-03-19T12:21:07.000Z,1.6765577313999875,18.78000285484,4.583443220213345
1710889730000,2024-03-19T23:08:50.000Z,1.6934449988550229,14.046043435454504,2.9885694796298115
1710928669000,2024-03-20T09:57:49.000Z,1.7521004989851892,17.110463625196665,3.951387376080366
1710967500000,2024-03-20T20:45:00.000Z,1.5351228132873531,31.163201968600237,8.852611176246059
1711006431000,2024-03-21T07:33:51.000Z,1.592703184404041,16.600570874140484,3.940820440309454
1711045235000,2024-03-21T18:20:35.000Z,1.591998062020845,20.616676097353544,5.28022730376367
1711084399000,2024-03-22T05:13:19.000Z,1.6877051999572077,15.279427667177355,3.4054373557685773
1711122975000,2024-03-22T15:56:15.000Z,1.7325617311045831,5.982734242359372,0.2616830163485411
1711161906000,2024-03-23T02:45:06.000Z,1.6758803910113598,16.745715782324055,3.9060248697633257
1711200700000,2024-03-23T13:31:40.000Z,1.690416094065873,9.618409125968416,1.5157202812569321
1711239683000,2024-03-24T00:21:23.000Z,1.8474076212594988,6.963697106617345,0.47382474761294957
1711278580000,2024-03-24T11:09:40.000Z,1.87078670822789,16.08635231059154,3.491330728635957
1711317457000,2024-03-24T21:57:37.000Z,1.856306510982622,17.89024633492327,4.107108933991801
1711356299000,2024-03-25T08:44:59.000Z,1.8320931217387124,18.341911111770475,4.281877248851446
1711395066000,2024-03-25T19:31:06.000Z,1.8004045749785431,17.746475325331406,4.115087200131925
1711434064000,2024-03-26T06:21:04.000Z,1.790412931839547,14.035887790029228,2.8882163315035294
1711472850000,2024-03-26T17:07:30.000Z,1.7704228864151634,11.41166867547022,2.03346667207491
1711511763000,2024-03-27T03:56:03.000Z,1.7470840115439603,14.766386825572724,3.1750449303136143
1711550552000,2024-03-27T14:42:32.000Z,1.7444191516959406,22.659943210990125,5.808895251967434
1711589439000,2024-03-28T01:30:39.000Z,1.7552644147869847,23.903931121343437,6.212712625660828
1711628410000,2024-03-28T12:20:10.000Z,1.859098828633615,19.39312995195323,4.605277822017461
1711667458000,2024-03-28T23:10:58.000Z,1.9008531762539516,12.886560259512082,2.394666910250076
1711706202000,2024-03-29T09:56:42.000Z,1.941126675076142,10.71039638439258,1.6290054530547178
1711744946000,2024-03-29T20:42:26.000Z,1.984785728220258,9.728584115485184,1.2580756436081368
1711783833000,2024-03-30T07:30:33.000Z,2.0391189430694485,13.496466686461469,2.459703285751041
1711822778000,2024-03-30T18:19:38.000Z,2.074754242240612,19.22631700295843,4.334018092078865
1711861660000,2024-03-31T05:07:40.000Z,2.060580282166795,16.068205837698294,3.295488330399303
1711900512000,2024-03-31T15:55:12.000Z,2.10739709175207,16.955651395193193,3.5444867066456607
1711939420000,2024-04-01T02:43:40.000Z,2.0802345362088657,12.041183085349118,1.933493158907507
1711978156000,2024-04-01T13:29:16.000Z,2.10788729007068,15.691180166442168,3.1225060987433757
1712017008000,2024-04-02T00:16:48.000Z,2.105245970058908,17.892242173679644,3.8588347545009736
1712055929000,2024-04-02T11:05:29.000Z,2.117225670721679,9.43261508858112,1.0269793588053608
1712094828000,2024-04-02T21:53:48.000Z,2.171886764678695,12.454683230106488,1.979674312023468
1712133675000,2024-04-03T08:41:15.000Z,2.1029544410819003,15.222602785441206,2.971246487398502
1712172486000,2024-04-03T19:28:06.000Z,2.1216473773023723,13.443568778093985,2.359542215395623
1712211400000,2024-04-04T06:16:40.000Z,2.1541804488251968,12.517030517954527,2.0181630571596454
1712250352000,2024-04-04T17:05:52.000Z,2.192700565193161,14.118994883498804,2.5136310626397735
1712289245000,2024-04-05T03:54:05.000Z,2.111799438115566,10.165024450855878,1.27654204550306
1712327973000,2024-04-05T14:39:33.000Z,2.178722780665032,12.545424493460798,2.0030853838219005
1712367110000,2024-04-06T01:31:50.000Z,2.1302612160556817,9.333681358180916,0.9809659033379572
1712406102000,2024-04-06T12:21:42.000Z,2.118332985657292,9.133261690694184,0.926087577907436
1712444602000,2024-04-06T23:03:22.000Z,2.136805784676971,8.24422941483909,0.6112706869360593
1712483483000,2024-04-07T09:51:23.000Z,2.1292308646571776,11.329203427834258,1.6471702779542419
1712522438000,2024-04-07T20:40:38.000Z,2.1547758466924383,8.569022420468809,0.7015649601304981
1712561386000,2024-04-08T07:29:46.000Z,2.1414692010158416,5.98903720286965,-0.14512346672595844
1712600133000,2024-04-08T18:15:33.000Z,1.998028559717083,12.752467034566536,2.2527937851384285
1712639008000,2024-04-09T05:03:28.000Z,1.8100434575112925,14.38794946010761,2.985939695857911
1712677856000,2024-04-09T15:50:56.000Z,2.033171522638641,5.962370005341308,-0.04571485419153842
1712716883000,2024-04-10T02:41:23.000Z,1.873995441020633,11.360692576442396,1.9129020844601656
1712755618000,2024-04-10T13:26:58.000Z,1.8951319368269843,12.614846017148896,2.309816735555981
1712794481000,2024-04-11T00:14:41.000Z,1.884366693381766,11.713006812411416,2.019968910755373
1712833302000,2024-04-11T11:01:42.000Z,1.991544093306716,11.72967609519135,1.918347938423734
1712872249000,2024-04-11T21:50:49.000Z,2.1009180462027954,11.84813878606086,1.8484615491508243
1712911163000,2024-04-12T08:39:23.000Z,2.0931803023835425,13.684773546412307,2.4684108797538933
1712949937000,2024-04-12T19:25:37.000Z,2.021777211218081,20.951090291642643,4.961919552662801
1712988841000,2024-04-13T06:14:01.000Z,1.982735221588118,11.898092418807114,1.9832955846809197
1713027638000,2024-04-13T17:00:38.000Z,1.963792648957775,11.771377029970507,1.9599996943657272
1713066523000,2024-04-14T03:48:43.000Z,1.99210718342615,11.47224133130764,1.8319732603430634
1713105416000,2024-04-14T14:36:56.000Z,2.0041702752193,11.55849169643832,1.8486602902601401
1713144252000,2024-04-15T01:24:12.000Z,1.97968644683672,11.353832525555944,1.8049243950152614
1713183151000,2024-04-15T12:12:31.000Z,1.93135051550792,11.404270342027536,1.8700729318345917
1713222015000,2024-04-15T23:00:15.000Z,1.9689158468513617,11.53317202655622,1.8754748286673786
1713260922000,2024-04-16T09:48:42.000Z,1.9657500596707624,11.342841203668328,1.8151970082186804
1713299783000,2024-04-16T20:36:23.000Z,2.0541472901036566,10.832571431109288,1.5567098535994397
1713338644000,2024-04-17T07:24:04.000Z,1.986488645634494,11.062035350282407,1.7008564711263086
1713377507000,2024-04-17T18:11:47.000Z,1.9972782270996532,10.931199446009064,1.6464549215700346
1713416346000,2024-04-18T04:59:06.000Z,2.020543882423501,10.873572905669397,1.603980419466298
1713455291000,2024-04-18T15:48:11.000Z,2.0375146007367526,10.74949212627162,1.5456494413537878
1713494113000,2024-04-19T02:35:13.000Z,2.081157546070604,10.571438442852044,1.4426552682134104
1713532993000,2024-04-19T13:23:13.000Z,2.0533964726124867,10.575265437534526,1.4716920065656884
1713571945000,2024-04-20T00:12:25.000Z,2.0873083242548027,10.275632916916283,1.3379026480506249
1713610723000,2024-04-20T10:58:43.000Z,2.0471893317098258,10.193354021945442,1.3505953422719883
1713649633000,2024-04-20T21:47:13.000Z,1.995910459492425,10.34861393346147,1.4536275183280651
1713688563000,2024-04-21T08:36:03.000Z,2.011780141550529,10.333413862203807,1.43269114585074
1713727323000,2024-04-21T19:22:03.000Z,1.9902487600146868,10.323757212842793,1.4510036442662442
1713766192000,2024-04-22T06:09:52.000Z,2.076276170875213,10.405807118204686,1.3923262018596825
1713805122000,2024-04-22T16:58:42.000Z,2.014907817050846,10.453219545014164,1.4694986979538753
1713844033000,2024-04-23T03:47:13.000Z,1.9912346527554936,10.587146066669408,1.5378140361343093
1713882821000,2024-04-23T14:33:41.000Z,1.9947979564367744,10.754657227142634,1.5900877859441036
1713921766000,2024-04-24T01:22:46.000Z,2.02142004245014,10.59430736019501,1.5100157442815303
1713960552000,2024-04-24T12:09:12.000Z,2.0728223545739644,10.30268759129398,1.3614068425240289
1713999460000,2024-04-24T22:57:40.000Z,2.070435701348773,10.339274763130945,1.3759892196948753
1714038369000,2024-04-25T09:46:09.000Z,2.066889772514007,10.390490443474087,1.3966070419773553
1714077229000,2024-04-25T20:33:49.000Z,2.114166926574211,10.310452447506371,1.3226505559279125
1714116030000,2024-04-26T07:20:30.000Z,2.1073615005210327,10.426181193482998,1.3680322306399666
1714154966000,2024-04-26T18:09:26.000Z,2.086321668218484,10.423865827202627,1.388300274182392
1714193770000,2024-04-27T04:56:10.000Z,2.216926560987949,10.323751483603694,1.2243239335466156
1714232647000,2024-04-27T15:44:07.000Z,2.207014092771985,10.346919581724112,1.2419591011360525
1714271553000,2024-04-28T02:32:33.000Z,2.1982689762393663,10.38048078901317,1.2618912867650236
1714310516000,2024-04-28T13:21:56.000Z,2.2049682109468707,10.362781696927582,1.249292354695657
1714349266000,2024-04-29T00:07:46.000Z,2.179478709406968,10.376279246436454,1.2792810394051832
1714388286000,2024-04-29T10:58:06.000Z,2.238611673346804,10.255650093300805,1.1799383577534641
1714427018000,2024-04-29T21:43:38.000Z,2.122531411869605,10.196982212426716,1.2764626589393004
1714465924000,2024-04-30T08:32:04.000Z,2.096103193486273,10.237660571561705,1.3164503303676285
1714504758000,2024-04-30T19:19:18.000Z,2.071587911013275,10.180406298460372,1.3218808551401824
1714543650000,2024-05-01T06:07:30.000Z,2.0653946041559665,10.134421655540644,1.3127459476909147
1714582488000,2024-05-01T16:54:48.000Z,2.0894722900413187,9.777698381869715,1.1697605039152532
1714621498000,2024-05-02T03:44:58.000Z,2.048985918931129,9.72412668364512,1.1923896422839109
1714660442000,2024-05-02T14:34:02.000Z,2.0417086637092545,9.61587490552532,1.163582971465852
1714699199000,2024-05-03T01:19:59.000Z,2.183458538484712,9.242731707150666,0.89745203056551
1714737980000,2024-05-03T12:06:20.000Z,2.23565779398529,9.348519425592777,0.8805153478789687
1714776889000,2024-05-03T22:54:49.000Z,2.1962440853388703,9.703439756645006,1.0382358335427981
1714815756000,2024-05-04T09:42:36.000Z,2.2072143536407998,9.76644289838382,1.0482666124871405
1714854844000,2024-05-04T20:34:04.000Z,2.1817538606203635,9.791001526195986,1.0819133147782987
1714893569000,2024-05-05T07:19:29.000Z,2.185186099981311,9.743522901744322,1.0626548672667964
1714932535000,2024-05-05T18:08:55.000Z,2.174062340865033,9.856695858642349,1.1115029453490832
1714971251000,2024-05-06T04:54:11.000Z,2.1854312590874154,9.762045040093737,1.0685837542771637
1715010221000,2024-05-06T15:43:41.000Z,2.214745377069085,7.302739730948048,0.2195011999135974
1715048996000,2024-05-07T02:29:56.000Z,2.2102662156423434,7.44644599015272,0.2718824477418966
1715087973000,2024-05-07T13:19:33.000Z,2.187937546608281,7.563658077561882,0.3332818125790129
1715126711000,2024-05-08T00:05:11.000Z,2.200243880948809,7.494856132649564,0.2980414966010456
1715165622000,2024-05-08T10:53:42.000Z,2.228102081440096,7.6641017447214415,0.32659850013371816
1715204447000,2024-05-08T21:40:47.000Z,2.244175442660425,7.705231318430062,0.32423499681626256
1715243291000,2024-05-09T08:28:11.000Z,2.222498343900572,7.658667152465863,0.3303907069213827
1715282157000,2024-05-09T19:15:57.000Z,2.183411409138504,7.512933393157365,0.3208997219139511
1715321283000,2024-05-10T06:08:03.000Z,2.179154085337678,7.387901212677978,0.28347965222164806
1715359953000,2024-05-10T16:52:33.000Z,6.863677032926618,7.457417692377007,-4.377871135467616
1715398771000,2024-05-11T03:39:31.000Z,2.269581773878932,7.52326850032393,0.23817439289571096
1715437807000,2024-05-11T14:30:07.000Z,2.26701444386476,7.693611019340158,0.2975225625819591
1715476535000,2024-05-12T01:15:35.000Z,2.261113722504102,7.630134013227583,0.28226428190509223
1715515405000,2024-05-12T12:03:25.000Z,2.2868548395279955,7.605456321042896,0.24829726748630288
1715554633000,2024-05-12T22:57:13.000Z,2.243930623949972,7.604353178191603,0.29085376878056257
1715593169000,2024-05-13T09:39:29.000Z,2.2363468913400637,7.723818422529304,0.33825924950303765
1715632061000,2024-05-13T20:27:41.000Z,2.162859339027833,7.86357269248229,0.4583315584662637
1715670888000,2024-05-14T07:14:48.000Z,2.1484706704561694,7.905119134222842,0.4865690409514447
1715709735000,2024-05-14T18:02:15.000Z,2.1241432185790785,7.923561141742204,0.517043828668323
1715748631000,2024-05-15T04:50:31.000Z,2.0918524017791085,7.946554379040489,0.5569990579010544
1715787509000,2024-05-15T15:38:29.000Z,2.0664739896187587,8.117235763969493,0.6392712650377388
1715826404000,2024-05-16T02:26:44.000Z,2.077442291918396,8.067082358656886,0.6115851609672327
1715865319000,2024-05-16T13:15:19.000Z,2.061304914023288,8.098909425504615,0.6383315611449172
1715904100000,2024-05-17T00:01:40.000Z,2.181216781040101,8.184184179817747,0.5468446122324813
1715942975000,2024-05-17T10:49:35.000Z,9.9286558064825,8.356169070954406,-7.143266116164364
1715981869000,2024-05-17T21:37:49.000Z,2.2853519498810493,8.378913661160881,0.507619270505911
1716020820000,2024-05-18T08:27:00.000Z,2.193126343528164,8.65869253165331,0.6931045003562728
1716059644000,2024-05-18T19:14:04.000Z,2.1158135399049462,8.831712679550513,0.8280906866118913
1716098516000,2024-05-19T06:01:56.000Z,2.1074998916447907,8.926208728842862,0.8679030179694966
1716137350000,2024-05-19T16:49:10.000Z,1.993625434092752,12.865298781416548,2.2948074930460978
1716176207000,2024-05-20T03:36:47.000Z,1.964887227699404,16.037328914769347,3.3808890772237117
1716215165000,2024-05-20T14:26:05.000Z,1.9909899787666725,15.46689842791081,3.164642830536931
1716253936000,2024-05-21T01:12:16.000Z,1.8332217271728075,11.741972064487886,2.080768960989821
1716292800000,2024-05-21T12:00:00.000Z,1.916298658199152,15.594221651626857,3.281775225676467
1716331686000,2024-05-21T22:48:06.000Z,1.918085226475705,21.76874803396789,5.3381641181802575
1716370596000,2024-05-22T09:36:36.000Z,1.895815140938128,23.785006288190228,6.032520288458615
1716409413000,2024-05-22T20:23:33.000Z,1.8543745361564064,20.86331918775908,5.100065193096619
1716448285000,2024-05-23T07:11:25.000Z,1.8317212386354944,18.341858733433288,4.282231672508935
1716487156000,2024-05-23T17:59:16.000Z,1.7870334882264978,18.4482794966044,4.362393010641636
1716526090000,2024-05-24T04:48:10.000Z,1.7964930506368757,15.917475560201636,3.5093321360970027
1716564897000,2024-05-24T15:34:57.000Z,1.8781664494605597,14.83295783605288,3.066152829223734
1716603866000,2024-05-25T02:24:26.000Z,1.8082324601553452,11.537707080548165,2.0376699000273764
1716642754000,2024-05-25T13:12:34.000Z,1.850915729186856,14.487416785393949,2.978223199277793
1716681512000,2024-05-25T23:58:32.000Z,1.8740880788890224,11.434361328470471,1.9373656972678015
1716720459000,2024-05-26T10:47:39.000Z,1.866782509980992,16.361289593237952,3.586980687764992
1716759288000,2024-05-26T21:34:48.000Z,1.8181605474937403,16.244149693354483,3.5965560169577544
1716798148000,2024-05-27T08:22:28.000Z,1.829108098511762,19.461573253918534,4.6580829861277495
1716837055000,2024-05-27T19:10:55.000Z,1.974193940941704,11.149296218388493,1.7422381318544604
1716875923000,2024-05-28T05:58:43.000Z,2.0280568549571827,16.13539466554637,3.350408033558274
1716914757000,2024-05-28T16:45:57.000Z,2.127111200654965,12.267126672114255,1.9619310233831202
1716953923000,2024-05-29T03:38:43.000Z,2.228539011632555,18.3572916597605,3.8905582082876116
1716992487000,2024-05-29T14:21:27.000Z,2.26446479937399,12.021870630673796,1.742825410850609
1717031388000,2024-05-30T01:09:48.000Z,2.202481577672228,10.512540281498362,1.3016985161605592
1717070375000,2024-05-30T11:59:35.000Z,3.6653728854774776,10.486409271828093,-0.16990312820144693
1717109140000,2024-05-30T22:45:40.000Z,2.288182847217944,14.125585777690336,2.4203457453455015
1717147982000,2024-05-31T09:33:02.000Z,3.261807942788716,12.54884536876556,0.921140513466471
1717186874000,2024-05-31T20:21:14.000Z,2.275626165259192,10.16393392935758,1.1123518111933346
1717225712000,2024-06-01T07:08:32.000Z,2.2881135913158395,12.93054883854063,2.0220693548643704
1717264577000,2024-06-01T17:56:17.000Z,13.643352434566044,13.041206175126492,-9.29628370952388
1717303513000,2024-06-02T04:45:13.000Z,13.988503717081176,16.17354137658847,-8.597323258218353
1717342341000,2024-06-02T15:32:21.000Z,9.821371633162952,8.920757009399574,-6.847785963363094
1717381221000,2024-06-03T02:20:21.000Z,2.3089538316927944,13.093088741274478,2.055409082065365
1717420094000,2024-06-03T13:08:14.000Z,2.2323444383192714,17.260100818842677,3.521022501294954
1717458929000,2024-06-03T23:55:29.000Z,2.1992916326668133,15.009004866458085,2.8037099894858817
1717497808000,2024-06-04T10:43:28.000Z,2.208127601552952,12.74714159367082,2.040919596337321
1717536691000,2024-06-04T21:31:31.000Z,2.271256690827964,12.238900473970396,1.8083768004955019
1717575684000,2024-06-05T08:21:24.000Z,2.2575661297450345,12.59669011444236,1.941330575069086
1717614415000,2024-06-05T19:06:55.000Z,2.208452208905501,23.73487008674585,5.703171153343115
1717653335000,2024-06-06T05:55:35.000Z,2.206715945505344,16.83090950617345,3.4035872232191404
1717692222000,2024-06-06T16:43:42.000Z,2.1737235730831634,16.58204783633003,3.353625705693513
1717731078000,2024-06-07T03:31:18.000Z,2.194866790429034,15.423106606555251,2.9461687450893828
1717770063000,2024-06-07T14:21:03.000Z,2.188578657627817,10.320360406121436,1.2515414777459952
1717808784000,2024-06-08T01:06:24.000Z,2.140429564448983,10.483167376260202,1.3539595609710844
1717847660000,2024-06-08T11:54:20.000Z,2.130494591403195,15.608888920359096,3.0724683820498373
1717886551000,2024-06-08T22:42:31.000Z,2.173130936551446,11.04157189997681,1.5073930301074907
1717925387000,2024-06-09T09:29:47.000Z,2.179421803883429,11.945544027020135,1.8024262051232824
1717964331000,2024-06-09T20:18:51.000Z,2.158707285604638,10.573442494934266,1.3657735460401175
1718003142000,2024-06-10T07:05:42.000Z,2.216657572864109,11.50281847819189,1.6176152531998538
1718041996000,2024-06-10T17:53:16.000Z,2.223408693601257,10.58629444122373,1.3053561201399866
1718080871000,2024-06-11T04:41:11.000Z,2.229109289173081,8.971665764910885,0.7614459657972139
1718119759000,2024-06-11T15:29:19.000Z,2.18354664592936,9.576046931561546,1.0084689979244885
1718158619000,2024-06-12T02:16:59.000Z,2.1396687368930936,8.964307003206967,0.8484335975092288
1718197513000,2024-06-12T13:05:13.000Z,2.138980538168616,11.3525752067583,1.645211197417484
1718236398000,2024-06-12T23:53:18.000Z,2.085074676314925,8.980191131002632,0.9083223673526191
1718275247000,2024-06-13T10:40:47.000Z,2.0913402359298323,8.981196963288342,0.9023920851662819
1718314122000,2024-06-13T21:28:42.000Z,2.0895059292027907,8.961616676731682,0.8976996297077697
1718353019000,2024-06-14T08:16:59.000Z,2.0555021788889807,8.868510535240034,0.900667999524364
1718391850000,2024-06-14T19:04:10.000Z,2.0934886032298405,8.849721353694443,0.8564185146683072
1718430760000,2024-06-15T05:52:40.000Z,2.081509824873952,8.906227270684424,0.8872325986875227
1718469583000,2024-06-15T16:39:43.000Z,2.0719069350780583,8.837990778172848,0.8740899909795576
1718508480000,2024-06-16T03:28:00.000Z,2.069623066120234,8.796674000950906,0.8626016008634014
1718547337000,2024-06-16T14:15:37.000Z,2.075223123825362,8.837870611118085,0.8707337465473333
1718586267000,2024-06-17T01:04:27.000Z,2.033493388264039,8.883313414868205,0.9276110833586957
1718625094000,2024-06-17T11:51:34.000Z,2.0667281721290616,8.877666985804359,0.8924941564723912
1718664265000,2024-06-17T22:44:25.000Z,2.019464812923067,8.869140788676336,0.9369154499690455
1718702827000,2024-06-18T09:27:07.000Z,2.005829386145769,8.970821743588104,0.984444528383599
1718741768000,2024-06-18T20:16:08.000Z,1.995397846166834,8.955844668761452,0.9898837100869833
1718780554000,2024-06-19T07:02:34.000Z,1.9978791396873623,8.937148861393059,0.9811704807769908
1718819415000,2024-06-19T17:50:15.000Z,2.081229626416318,8.864327742443658,0.8735462877315681
1718858329000,2024-06-20T04:38:49.000Z,2.062762827020996,8.992561580256126,0.9347576997310463
1718897186000,2024-06-20T15:26:26.000Z,2.098074394134414,8.973732236705574,0.893169684767444
1718936077000,2024-06-21T02:14:37.000Z,2.0844907876790075,8.920136373905859,0.8888880036229452
1718974898000,2024-06-21T13:01:38.000Z,19.97204991205,7.235626858183746,-17.560174292655418
1719013772000,2024-06-21T23:49:32.000Z,3.577555556324149,6.825364093348793,-1.3024341918745512
1719052675000,2024-06-22T10:37:55.000Z,2.599406006392757,6.798587562374952,-0.33321015226777284
1719091532000,2024-06-22T21:25:32.000Z,2.277944864809317,6.964484328645722,0.04354991140592368
1719130396000,2024-06-23T08:13:16.000Z,3.0330199699124507,6.980238624832585,-0.7062737616349226
1719169367000,2024-06-23T19:02:47.000Z,2.03058871287417,7.182510933335309,0.3635815982375994
1719208150000,2024-06-24T05:49:10.000Z,2.018896768706257,7.149204441881709,0.3641713785876459
1719247011000,2024-06-24T16:36:51.000Z,2.0286018729276654,7.29752892353208,0.40390776824969477
1719285921000,2024-06-25T03:25:21.000Z,2.046628728756241,7.453356850589435,0.43782355477357093
1719324986000,2024-06-25T14:16:26.000Z,2.039994182496803,7.478247004449594,0.4527548189863948
1719363745000,2024-06-26T01:02:25.000Z,2.055363092134142,7.39473302699892,0.4095479168654981
1719402546000,2024-06-26T11:49:06.000Z,2.0579158300069462,7.395425384783759,0.4072259649209733
1719441358000,2024-06-26T22:35:58.000Z,2.0598037670634337,7.513927611659113,0.4448387701562706
1719480299000,2024-06-27T09:24:59.000Z,3.02552893491428,7.489432047138213,-0.529051585868209
1719519279000,2024-06-27T20:14:39.000Z,2.050265190348963,7.631667953696511,0.4936241275498743
1719558020000,2024-06-28T07:00:20.000Z,2.008206822033902,7.77577473345412,0.5837180891174709
1719596858000,2024-06-28T17:47:38.000Z,2.029359220786024,7.723389719163825,0.545104018935251
1719635926000,2024-06-29T04:38:46.000Z,2.0336012993344488,7.991834768387222,0.6303436234612918
1719674585000,2024-06-29T15:23:05.000Z,2.013127424309234,8.100917054734376,0.687178260602225
1719713665000,2024-06-30T02:14:25.000Z,2.016781119884953,8.112726927088044,0.6874611891443951
1719752319000,2024-06-30T12:58:39.000Z,2.025672761074287,8.259463446160375,0.7274817209791715
1719791352000,2024-06-30T23:49:12.000Z,1.9339513529331815,8.371712941250921,0.8566196274837921
1719830060000,2024-07-01T10:34:20.000Z,1.9021369172838432,8.504871618574244,0.9328202889075716
1719869136000,2024-07-01T21:25:36.000Z,1.888452872800864,8.648148693633942,0.9942633584104499
1719907820000,2024-07-02T08:10:20.000Z,1.8510333967249373,8.661982590730863,1.0362941335186837
1719946761000,2024-07-02T18:59:21.000Z,1.825296390096078,8.63099868600212,1.051703171904629
1719985612000,2024-07-03T05:46:52.000Z,1.814751906866661,8.552627839146565,1.0361240395155273
1720024440000,2024-07-03T16:34:00.000Z,1.8842565534621225,8.393064116200499,0.913431485271377
1720063344000,2024-07-04T03:22:24.000Z,1.839249117847324,8.617496724957856,1.0332497904719613
1720102157000,2024-07-04T14:09:17.000Z,1.8635071891447852,8.582428645242521,0.9973023592693886
1720141060000,2024-07-05T00:57:40.000Z,1.872194684781074,8.533853224888912,0.9724230568485632
1720179913000,2024-07-05T11:45:13.000Z,1.8446744314110128,8.213261591213437,0.8930794323267992
1720218935000,2024-07-05T22:35:35.000Z,1.821260203913294,8.505830160000329,1.0140165160868158
1720257701000,2024-07-06T09:21:41.000Z,1.7920111004404735,8.376357116590157,1.000107938422912
1720296558000,2024-07-06T20:09:18.000Z,1.741379168995112,8.42527983084589,1.0670474412868511
1720335906000,2024-07-07T07:05:06.000Z,1.7597064288118471,8.451138140069096,1.0573396178778516
1720374270000,2024-07-07T17:44:30.000Z,1.8138564353341315,8.305832109206383,0.954754267734663
1720413148000,2024-07-08T04:32:28.000Z,1.80686506357192,8.277106371012717,0.9521703934323194
1720452001000,2024-07-08T15:20:01.000Z,1.7955252450943189,8.372281519105194,0.9952352612740791
1720491050000,2024-07-09T02:10:50.000Z,1.7821185108603383,8.291162870017144,0.9816024458120431
1720529753000,2024-07-09T12:55:53.000Z,1.87580115450562,8.343339638006645,0.9053120581632617
1720568612000,2024-07-09T23:43:32.000Z,1.8503556696544028,8.222602267440386,0.890511752825726
1720607499000,2024-07-10T10:31:39.000Z,1.846650917052329,8.301347294271084,0.9204648477046988
1720646367000,2024-07-10T21:19:27.000Z,1.8108268061078137,8.429842304394517,0.9991206286903587
1720685365000,2024-07-11T08:09:25.000Z,1.8142235413081116,8.408527205661995,0.9886188605792203
1720724375000,2024-07-11T18:59:35.000Z,1.7736352065158485,8.541307105135179,1.0734671618625442
1720763000000,2024-07-12T05:43:20.000Z,1.78603808607899,8.398634834691679,1.0135068588182363
1720801837000,2024-07-12T16:30:37.000Z,1.7847541972015422,8.32570980196649,0.9904824034539543
1720840711000,2024-07-13T03:18:31.000Z,1.7944859373729891,8.26821147202039,0.9615845533004743
1720879620000,2024-07-13T14:07:00.000Z,1.7663467356887663,8.354614511991086,1.018524768308262
1720918456000,2024-07-14T00:54:16.000Z,1.7488471276499844,8.450918754617982,1.0681257905560098
1720957413000,2024-07-14T11:43:33.000Z,1.744244233330549,8.53308750797333,1.1001182693272276
1720996447000,2024-07-14T22:34:07.000Z,1.716729606162007,8.62148172028996,1.1570976339346466
1721035067000,2024-07-15T09:17:47.000Z,1.6855040497879177,8.71359919275524,1.2190290144638287
1721073983000,2024-07-15T20:06:23.000Z,1.664492857123756,8.836737925463238,1.28108645136399
1721112821000,2024-07-16T06:53:41.000Z,1.6537854362724267,8.837129279975585,1.291924323719435
1721151692000,2024-07-16T17:41:32.000Z,1.658134628187022,8.943234443394141,1.3229435196110253
1721190575000,2024-07-17T04:29:35.000Z,1.659489983890267,11.099041906957302,2.040190651762167
1721229429000,2024-07-17T15:17:09.000Z,1.695245531048718,8.769007348939592,1.2277569185978126
1721268322000,2024-07-18T02:05:22.000Z,1.7123785878012796,8.857862631829699,1.2402422894752865
1721307179000,2024-07-18T12:52:59.000Z,1.7137173130277297,8.785126259352317,1.214658106756376
1721346060000,2024-07-18T23:41:00.000Z,1.7453220513465533,8.721964093914595,1.161999313291645
1721384920000,2024-07-19T10:28:40.000Z,1.7468144561121857,8.697022344123043,1.152192991928829
1721423880000,2024-07-19T21:18:00.000Z,1.7260814990528772,8.827634330815677,1.2164632778856819
1721462650000,2024-07-20T08:04:10.000Z,1.7060690654181734,8.651104362643164,1.1776323887962143
1721501533000,2024-07-20T18:52:13.000Z,1.6735912223254632,8.656722018913165,1.211982783978925
1721540388000,2024-07-21T05:39:48.000Z,1.6872444185997482,8.603931872981114,1.1807328723939567
1721579333000,2024-07-21T16:28:53.000Z,1.6949132872294728,8.56437027972334,1.1598768060116407
1721618132000,2024-07-22T03:15:32.000Z,1.695741849182711,8.661067071581353,1.1912805080110733
1721657008000,2024-07-22T14:03:28.000Z,1.709754122396211,8.64639607123507,1.1723779013488127
1721695896000,2024-07-23T00:51:36.000Z,1.7073440145503258,8.66246427511514,1.1801440771547207
1721734862000,2024-07-23T11:41:02.000Z,1.6755703769392127,8.804229055188799,1.2591726414570537
1721773610000,2024-07-23T22:26:50.000Z,1.6802293425972823,8.846318477751902,1.2685434833200184
1721812482000,2024-07-24T09:14:42.000Z,1.7165668975086004,8.752249226308182,1.2008495112607938
1721851364000,2024-07-24T20:02:44.000Z,1.7135594143593758,8.684437222967254,1.1812529932963756
1721890225000,2024-07-25T06:50:25.000Z,1.7391075830087823,8.589078385915185,1.1239185456296128
1721929100000,2024-07-25T17:38:20.000Z,1.7516510107376204,8.393381325405608,1.0461427643975822
1721968092000,2024-07-26T04:28:12.000Z,1.764081894307092,8.381674300849605,1.029809539309443
1722006909000,2024-07-26T15:15:09.000Z,1.768069138059653,8.455819428882883,1.0505373382346412
1722045737000,2024-07-27T02:02:17.000Z,1.7808066368899875,8.414330965443545,1.0239703515911942
1722084595000,2024-07-27T12:49:55.000Z,1.7721264828972896,8.704746247124122,1.1294555994774178
1722123485000,2024-07-27T23:38:05.000Z,1.791287812995013,8.533018061904626,1.0530515409731958
1722162359000,2024-07-28T10:25:59.000Z,1.761076349043269,8.29574014354886,1.0041703654730179
1722201233000,2024-07-28T21:13:53.000Z,1.7492052961247802,8.232753541416143,0.9950458843472676
1722240075000,2024-07-29T08:01:15.000Z,1.742970186985565,8.34842907599656,1.0398395050132883
1722278946000,2024-07-29T18:49:06.000Z,1.7369354789470692,8.372927504439128,1.0540403558659734
1722317839000,2024-07-30T05:37:19.000Z,1.7612139315177149,8.31768405645965,1.0113474206355015
1722356707000,2024-07-30T16:25:07.000Z,1.7536893017390196,8.387072560509187,1.0420015517640429
1722395597000,2024-07-31T03:13:17.000Z,1.7532361182911202,8.385943666477766,1.0420784372014684
1722434492000,2024-07-31T14:01:32.000Z,1.7474701115805034,8.453928578452937,1.0705060812371423
1722473409000,2024-08-01T00:50:09.000Z,1.8342338381274017,8.396328788132225,0.96454242458334
1722512223000,2024-08-01T11:37:03.000Z,1.815702244150992,8.316724609922126,0.9565392924897165
1722551064000,2024-08-01T22:24:24.000Z,1.8015094132410567,8.401130409996219,0.9988673900910161
1722590086000,2024-08-02T09:14:46.000Z,1.7726602679476529,8.511573356385947,1.0645308508476627
1722628773000,2024-08-02T19:59:33.000Z,1.800159384443066,8.42181195641899,1.0071112676965976
1722667657000,2024-08-03T06:47:37.000Z,1.805311373240696,8.225331355091937,0.936465745123283
1722706518000,2024-08-03T17:35:18.000Z,1.849507303271403,8.14357946056016,0.8650191835819838
1722745406000,2024-08-04T04:23:26.000Z,1.897178485478369,7.830244509262899,0.7129030176092639
1722784259000,2024-08-04T15:10:59.000Z,1.937908766929671,7.7753024296821085,0.6538587096310318
1722823127000,2024-08-05T01:58:47.000Z,30.90408032185109,6.537895267126763,-28.724781899475502
1722862002000,2024-08-05T12:46:42.000Z,14.576085053032882,5.27119802799896,-12.819019043699896
1722900873000,2024-08-05T23:34:33.000Z,2.0258656268014423,5.2493926167984055,-0.27606808786864057
1722939745000,2024-08-06T10:22:25.000Z,2.672465137158468,5.303057964144912,-0.904779149110164
1722978655000,2024-08-06T21:10:55.000Z,2.357883253536166,5.455724830539452,-0.5393083100230152
1723017528000,2024-08-07T07:58:48.000Z,2.9090440984167985,5.664751057852737,-1.0207937457992196
1723056396000,2024-08-07T18:46:36.000Z,4.455834039702366,5.653188824971116,-2.5714377647119937
1723095230000,2024-08-08T05:33:50.000Z,2.064864121877046,5.625757629004849,-0.18961157887542934
1723134115000,2024-08-08T16:21:55.000Z,2.0325085747762923,5.770173975997784,-0.10911724944369783
1723172989000,2024-08-09T03:09:49.000Z,4.366601850969814,5.932501265483912,-2.389101429141843
1723211839000,2024-08-09T13:57:19.000Z,4.647672173745641,5.972668739333762,-2.65678259396772
1723250728000,2024-08-10T00:45:28.000Z,2.064647466211325,5.929654485423577,-0.08809597107013256
1723289617000,2024-08-10T11:33:37.000Z,2.035383435090369,5.993650640101554,-0.03749988838985119
1723328571000,2024-08-10T22:22:51.000Z,2.0187406209657546,6.025418668865332,-0.010267731343977182
1723367324000,2024-08-11T09:08:44.000Z,2.036203878178711,6.0848182560817,-0.00793112615147784
1723406337000,2024-08-11T19:58:57.000Z,2.0187869067970308,6.054518828977026,-0.0006139638046884777
1723445121000,2024-08-12T06:45:21.000Z,2.0097532108168785,6.0800181534614905,0.016919507003618328
1723483950000,2024-08-12T17:32:30.000Z,2.004880183309356,6.102735247804642,0.029364899292191105
1723522847000,2024-08-13T04:20:47.000Z,2.0256266552887108,6.050671304470254,-0.008736220465292988
1723561713000,2024-08-13T15:08:33.000Z,2.036799481121248,6.002028571944446,-0.03612329047309926
1723600584000,2024-08-14T01:56:24.000Z,2.044777205208714,6.04662183629122,-0.029236593111640286
1723639482000,2024-08-14T12:44:42.000Z,1.988300974609826,6.143599989894683,0.05956568868840151
1723678326000,2024-08-14T23:32:06.000Z,1.977296679241024,6.188533336381052,0.08554776621932692
1723717188000,2024-08-15T10:19:48.000Z,1.9910636672562172,6.170374539340392,0.06572784585724656
1723756041000,2024-08-15T21:07:21.000Z,1.9875724143218905,6.235525503754147,0.09093608692949195
1723794903000,2024-08-16T07:55:03.000Z,2.01985326013454,6.215492865127774,0.051977694908051486
1723833774000,2024-08-16T18:42:54.000Z,2.027246598233965,6.156794296234954,0.025018167177686124
1723872734000,2024-08-17T05:32:14.000Z,2.0130527579054385,6.133786133839853,0.03154262004117925
1723911522000,2024-08-17T16:18:42.000Z,2.014781000090941,6.187116722545426,0.04759124075753407
1723950108000,2024-08-18T03:01:48.000Z,2.003952815114089,6.217890122555426,0.06867722573771973
Data provided by Aavescan Pro. Visit https://pro.aavescan.com to fetch up to 2 years of historical daily rates.,,,,
